requested_name,address,status,actual_name,entry,size,renamed
ai_move,10001090,created,ai_move,10001090,23,false
FUN_100010b0,100010b0,existing,FUN_100010b0,100010b0,177,false
ai_stand_tail,10001170,existing,ai_stand_tail,10001170,175,true
ai_stand,10001220,created,ai_stand,10001220,289,false
ai_walk,10001350,created,ai_walk,10001350,221,false
ai_charge,10001430,created,ai_charge,10001430,109,false
range,100014e0,existing,range,100014e0,126,true
ai_turn,100014a0,created,ai_turn,100014a0,64,false
FacingIdeal,10001f00,existing,FacingIdeal,10001f00,62,true
FoundTarget,10001ac0,existing,FoundTarget,10001ac0,245,true
FindTarget,10001bc0,existing,FindTarget,10001bc0,817,true
ai_checkattack,100022a0,existing,ai_checkattack,100022a0,642,true
M_CheckAttack,10001f40,existing,M_CheckAttack,10001f40,583,true
ai_run_melee,10002190,existing,ai_run_melee,10002190,58,true
ai_run_missile,100021d0,existing,ai_run_missile,100021d0,58,true
ai_run_slide,10002210,existing,ai_run_slide,10002210,130,true
ai_run,10002530,created,ai_run,10002530,1881,false
SelectNextItem,10003df0,existing,SelectNextItem,10003df0,116,true
SelectPrevItem,10003e70,existing,SelectPrevItem,10003e70,121,true
ValidateSelectedItem,10003ef0,existing,ValidateSelectedItem,10003ef0,38,true
Cmd_Give_f,10003f20,existing,Cmd_Give_f,10003f20,1061,true
Cmd_God_f,10004350,existing,Cmd_God_f,10004350,115,true
Cmd_Notarget_f,100043d0,existing,Cmd_Notarget_f,100043d0,115,true
Cmd_Noclip_f,10004450,existing,Cmd_Noclip_f,10004450,136,true
Cmd_Use_f,10004560,existing,Cmd_Use_f,10004560,491,true
Cmd_UseToggle_f,10004870,existing,Cmd_UseToggle_f,10004870,319,true
Cmd_Drop_f,100049b0,existing,Cmd_Drop_f,100049b0,162,true
Cmd_Inven_f,10004a60,existing,Cmd_Inven_f,10004a60,109,true
Cmd_InvUse_f,10004ad0,existing,Cmd_InvUse_f,10004ad0,96,true
Cmd_WeapPrev_f,10004b30,existing,Cmd_WeapPrev_f,10004b30,142,true
Cmd_WeapNext_f,10004bc0,existing,Cmd_WeapNext_f,10004bc0,146,true
Cmd_WeapLast_f,10004c60,existing,Cmd_WeapLast_f,10004c60,99,true
Cmd_InvDrop_f,10004cd0,existing,Cmd_InvDrop_f,10004cd0,96,true
Cmd_Kill_f,10004d30,existing,Cmd_Kill_f,10004d30,88,true
Cmd_PutAway_f,10004d90,existing,Cmd_PutAway_f,10004d90,34,true
Cmd_Players_f,10004e10,existing,Cmd_Players_f,10004e10,392,true
Cmd_Wave_f,10004fa0,existing,Cmd_Wave_f,10004fa0,269,true
Cmd_Say_f,100050c0,existing,Cmd_Say_f,100050c0,901,true
Cmd_PlayerList_f,10005450,existing,Cmd_PlayerList_f,10005450,413,true
plat_hit_top,10007100,existing,plat_hit_top,10007100,98,true
plat_hit_bottom,10007170,existing,plat_hit_bottom,10007170,70,true
plat_go_up,100071c0,existing,plat_go_up,100071c0,93,true
plat_go_down,10007220,existing,plat_go_down,10007220,93,true
plat_blocked,10007280,existing,plat_blocked,10007280,160,true
plat_spawn_inside_trigger,10007390,existing,plat_spawn_inside_trigger,10007390,346,true
SP_func_plat,100074f0,existing,SP_func_plat,100074f0,670,true
rotating_use,100083c0,existing,rotating_use,100083c0,726,true
button_return,10008b80,existing,button_return,10008b80,65,true
button_wait,10008bd0,existing,button_wait,10008bd0,99,true
button_fire,10008c40,existing,button_fire,10008c40,99,true
SP_func_button,10008d30,existing,SP_func_button,10008d30,599,true
door_use_areaportals,10008f90,existing,door_use_areaportals,10008f90,115,true
door_hit_top,10009010,existing,door_hit_top,10009010,127,true
door_hit_bottom,10009090,existing,door_hit_bottom,10009090,81,true
door_go_down,100090f0,existing,door_go_down,100090f0,262,true
door_go_up,10009200,existing,door_go_up,10009200,317,true
door_use,10009340,existing,door_use,10009340,127,true
Think_CalcMoveSpeed,10009430,existing,Think_CalcMoveSpeed,10009430,203,true
door_touch,100097b0,existing,door_touch,100097b0,116,true
SP_func_door,10009830,existing,SP_func_door,10009830,919,true
SP_func_door_rotating,10009bd0,existing,SP_func_door_rotating,10009bd0,968,true
SP_func_water,10009fa0,existing,SP_func_water,10009fa0,580,true
train_next,1000a300,existing,train_next,1000a300,438,true
train_resume,1000a4c0,existing,train_resume,1000a4c0,154,true
func_train_find,1000a560,existing,func_train_find,1000a560,190,true
train_use,1000a620,existing,train_use,1000a620,93,true
SP_func_train,1000a680,existing,SP_func_train,1000a680,403,true
func_timer_think,1000a9a0,existing,func_timer_think,1000a9a0,81,true
SP_func_timer,1000aa60,existing,SP_func_timer,1000aa60,216,true
SP_func_conveyor,1000ab80,existing,SP_func_conveyor,1000ab80,116,true
door_secret_use,1000ac00,existing,door_secret_use,1000ac00,57,true
door_secret_blocked,1000ad70,existing,door_secret_blocked,1000ad70,157,true
AI_SetSightClient,10001000,existing,AI_SetSightClient,10001000,133,true
SP_path_corner,1000e670,existing,SP_path_corner,1000e670,359,true
point_combat_touch,1000e7e0,existing,point_combat_touch,1000e7e0,339,true
SP_point_combat,1000e940,created,SP_point_combat,1000e940,129,false
TH_viewthing,1000e9d0,created,TH_viewthing,1000e9d0,40,false
SP_viewthing,1000ea00,created,SP_viewthing,1000ea00,151,false
SP_info_notnull,1000eaa0,created,SP_info_notnull,1000eaa0,59,false
SP_light,1000eae0,created,SP_light,1000eae0,117,false
light_use,1000eb60,existing,light_use,1000eb60,99,true
SP_misc_banner,10010200,existing,SP_misc_banner,10010200,93,true
SP_misc_viper,100103f0,existing,SP_misc_viper,100103f0,256,true
SP_misc_bigviper,100104f0,existing,SP_misc_bigviper,100104f0,111,true
SP_misc_strogg_ship,100107f0,existing,SP_misc_strogg_ship,100107f0,263,true
SP_misc_satellite_dish,10010960,existing,SP_misc_satellite_dish,10010960,109,true
SP_light_mine1,100109d0,existing,SP_light_mine1,100109d0,51,true
SP_light_mine2,10010a10,existing,SP_light_mine2,10010a10,51,true
SP_misc_gib_arm,10010a50,existing,SP_misc_gib_arm,10010a50,239,true
SP_misc_gib_leg,10010b40,existing,SP_misc_gib_leg,10010b40,239,true
SP_misc_gib_head,10010c30,existing,SP_misc_gib_head,10010c30,239,true
SP_target_character,10010d20,existing,SP_target_character,10010d20,58,true
target_string_use,10010d60,existing,target_string_use,10010d60,124,true
func_clock_format_countdown,10011000,existing,func_clock_format_countdown,10011000,278,true
SP_func_clock,10011160,existing,SP_func_clock,10011160,217,true
teleporter_touch,10011240,existing,teleporter_touch,10011240,321,true
SP_misc_teleporter,10011390,existing,SP_misc_teleporter,10011390,271,true
SP_misc_teleporter_dest,100114a0,existing,SP_misc_teleporter_dest,100114a0,100,true
monster_fire_deatom,10011af0,created,monster_fire_deatom,10011af0,34,false
ShutdownGame,1000d460,created,ShutdownGame,1000d460,37,false
G_RunFrame,1000d940,created,G_RunFrame,1000d940,244,false
ClientEndServerFrames,1000d5a0,existing,ClientEndServerFrames,1000d5a0,99,true
CreateTargetChangeLevel,1000d610,existing,CreateTargetChangeLevel,1000d610,57,true
EndDMLevel,1000d650,existing,EndDMLevel,1000d650,280,true
CheckDMRules,1000d770,existing,CheckDMRules,1000d770,251,true
ExitLevel,1000d870,existing,ExitLevel,1000d870,202,true
FindItem,1000b150,existing,FindItem,1000b150,69,true
FindItemByClassname,1000b100,existing,FindItemByClassname,1000b100,68,true
GetItemByIndex,1000b0e0,existing,GetItemByIndex,1000b0e0,30,true
DoRespawn,1000b1a0,existing,DoRespawn,1000b1a0,104,true
SetRespawn,1000b210,existing,SetRespawn,1000b210,82,true
Pickup_Powerup,1000b270,existing,Pickup_Powerup,1000b270,322,true
Drop_General,1000b3c0,existing,Drop_General,1000b3c0,72,true
Pickup_Adrenaline,1000b410,created,Pickup_Adrenaline,1000b410,119,false
Pickup_AncientHead,1000b490,created,Pickup_AncientHead,1000b490,84,false
Pickup_Bandolier,1000b4f0,existing,Pickup_Bandolier,1000b4f0,337,true
Pickup_Pack,1000b650,existing,Pickup_Pack,1000b650,824,true
Use_Quad,1000b990,created,Use_Quad,1000b990,193,false
Use_Breather,1000ba60,created,Use_Breather,1000ba60,131,false
Use_Envirosuit,1000baf0,created,Use_Envirosuit,1000baf0,131,false
Use_Invulnerability,1000bb80,created,Use_Invulnerability,1000bb80,164,false
Use_Silencer,1000bc30,created,Use_Silencer,1000bc30,81,false
Pickup_Key,1000bc90,created,Pickup_Key,1000bc90,345,false
Add_Ammo,1000bdf0,existing,Add_Ammo,1000bdf0,253,true
Pickup_Ammo,1000bef0,existing,Pickup_Ammo,1000bef0,278,true
Drop_Ammo,1000c010,existing,Drop_Ammo,1000c010,193,true
MegaHealth_think,1000c0e0,created,MegaHealth_think,1000c0e0,109,false
Pickup_Health,1000c150,created,Pickup_Health,1000c150,308,false
ArmorIndex,1000c290,existing,ArmorIndex,1000c290,71,true
Pickup_Armor,1000c2e0,existing,Pickup_Armor,1000c2e0,376,true
PowerArmorType,1000c460,existing,PowerArmorType,1000c460,74,true
Use_PowerArmor,1000c4b0,existing,Use_PowerArmor,1000c4b0,171,true
Pickup_PowerArmor,1000c560,existing,Pickup_PowerArmor,1000c560,144,true
Drop_PowerArmor,1000c5f0,existing,Drop_PowerArmor,1000c5f0,82,true
Touch_Item,1000c650,existing,Touch_Item,1000c650,510,true
Drop_Item,1000c850,existing,Drop_Item,1000c850,442,true
drop_temp_touch,1000ca10,created,drop_temp_touch,1000ca10,37,false
drop_make_touchable,1000ca40,created,drop_make_touchable,1000ca40,64,false
Use_Item,1000ca80,created,Use_Item,1000ca80,94,false
droptofloor,1000cae0,created,droptofloor,1000cae0,530,false
PrecacheItem,1000cd00,existing,PrecacheItem,1000cd00,537,true
SpawnItem,1000cf20,existing,SpawnItem,1000cf20,575,true
SP_item_health,1000d160,existing,SP_item_health,1000d160,111,true
SP_item_health_small,1000d1d0,created,SP_item_health_small,1000d1d0,121,false
SP_item_health_large,1000d250,created,SP_item_health_large,1000d250,111,false
SP_item_health_mega,1000d2c0,created,SP_item_health_mega,1000d2c0,121,false
InitItems,1000d340,existing,InitItems,1000d340,11,true
SetItemNames,1000d350,existing,SetItemNames,1000d350,261,true
M_FlyCheck,10011b90,existing,M_FlyCheck,10011b90,112,true
M_FliesOn,10011c00,existing,M_FliesOn,10011c00,71,true
M_FliesOff,10011c50,created,M_FliesOff,10011c50,21,false
AttackFinished,10011c70,existing,AttackFinished,10011c70,21,true
M_CheckGround,10011c90,existing,M_CheckGround,10011c90,256,true
M_CatagorizePosition,10011d90,existing,M_CatagorizePosition,10011d90,183,true
M_WorldEffects,10011e50,existing,M_WorldEffects,10011e50,794,true
M_droptofloor,10012170,existing,M_droptofloor,10012170,179,true
M_SetEffects,10012230,existing,M_SetEffects,10012230,129,true
M_MoveFrame,100122c0,existing,M_MoveFrame,100122c0,247,true
monster_think,100123c0,existing,monster_think,100123c0,65,true
monster_use,10012410,created,monster_use,10012410,69,false
monster_triggered_spawn,10012460,existing,monster_triggered_spawn,10012460,142,true
monster_triggered_spawn_use,100124f0,created,monster_triggered_spawn_use,100124f0,60,false
monster_triggered_start,10012530,existing,monster_triggered_start,10012530,50,true
monster_death_use,10012570,existing,monster_death_use,10012570,111,true
monster_start,100125e0,existing,monster_start,100125e0,362,true
monster_start_go,10012750,existing,monster_start_go,10012750,809,true
walkmonster_start_go,10012a80,existing,walkmonster_start_go,10012a80,169,true
walkmonster_start,10012b30,existing,walkmonster_start,10012b30,22,true
flymonster_start_go,10012b50,existing,flymonster_start_go,10012b50,186,true
swimmonster_start_go,10012c40,existing,swimmonster_start_go,10012c40,74,true
flymonster_start,10012c10,existing,flymonster_start,10012c10,37,true
swimmonster_start,10012c90,existing,swimmonster_start,10012c90,37,true
G_RunEntity,10014180,existing,G_RunEntity,10014180,111,true
rtdu_use,10014270,existing,rtdu_use,10014270,100,true
RTDU_SpawnTurret,100142e0,existing,RTDU_SpawnTurret,100142e0,62,true
RTDU_TurretThink,10014320,existing,RTDU_TurretThink,10014320,195,true
RTDU_RemoveTurret,100144c0,existing,RTDU_RemoveTurret,100144c0,112,true
RTDU_BeginRemoteView,10014530,existing,RTDU_BeginRemoteView,10014530,134,true
RTDU_EndRemoteView,100145c0,existing,RTDU_EndRemoteView,100145c0,78,true
RTDU_TurretAttack,10014610,existing,RTDU_TurretAttack,10014610,311,true
RTDU_InitTurret,100147d0,existing,RTDU_InitTurret,100147d0,357,true
WriteField1,10015c90,existing,WriteField1,10015c90,250,true
WriteField2,10015dc0,existing,WriteField2,10015dc0,64,true
ReadField,10015e00,existing,ReadField,10015e00,264,true
Svcmd_Test_f,100173c0,existing,Svcmd_Test_f,100173c0,19,true
WriteGame,10016020,created,WriteGame,10016020,221,false
ReadGame,10016100,created,ReadGame,10016100,314,false
WriteClient,10015f40,existing,WriteClient,10015f40,141,true
ReadClient,10015fd0,existing,ReadClient,10015fd0,67,true
WriteLevel,10016400,created,WriteLevel,10016400,220,false
WriteEdict,10016240,existing,WriteEdict,10016240,141,true
WriteLevelLocals,100162d0,existing,WriteLevelLocals,100162d0,139,true
ReadLevel,100164e0,created,ReadLevel,100164e0,612,false
ReadEdict,10016360,existing,ReadEdict,10016360,67,true
ReadLevelLocals,100163b0,existing,ReadLevelLocals,100163b0,69,true
InitGame,100158d0,created,InitGame,100158d0,953,false
ED_CallSpawn,10016750,existing,ED_CallSpawn,10016750,254,true
ED_NewString,10016850,existing,ED_NewString,10016850,94,true
ED_ParseField,100168b0,existing,ED_ParseField,100168b0,300,true
ED_ParseEdict,10016a00,existing,ED_ParseEdict,10016a00,229,true
G_FindTeams,10016af0,existing,G_FindTeams,10016af0,361,true
SpawnEntities,10016c60,created,SpawnEntities,10016c60,653,false
SV_FilterPacket,100173e0,existing,SV_FilterPacket,100173e0,174,true
SVCmd_AddIP_f,10017490,existing,SVCmd_AddIP_f,10017490,143,true
StringToFilter,10017520,existing,StringToFilter,10017520,163,true
SVCmd_RemoveIP_f,100175d0,existing,SVCmd_RemoveIP_f,100175d0,210,true
SVCmd_ListIP_f,100176b0,existing,SVCmd_ListIP_f,100176b0,121,true
SVCmd_WriteIP_f,10017730,existing,SVCmd_WriteIP_f,10017730,284,true
ServerCommand,10017850,created,ServerCommand,10017850,157,false
Use_Target_Help,10017aa0,created,Use_Target_Help,10017aa0,82,false
SP_target_help,10017b00,created,SP_target_help,10017b00,102,false
use_target_secret,10017b70,existing,use_target_secret,10017b70,66,true
SP_target_secret,10017bc0,created,SP_target_secret,10017bc0,167,false
use_target_goal,10017c70,existing,use_target_goal,10017c70,95,true
SP_target_goal,10017cd0,created,SP_target_goal,10017cd0,108,false
target_explosion_explode,10017d40,existing,target_explosion_explode,10017d40,145,true
use_target_explosion,10017de0,created,use_target_explosion,10017de0,72,false
SP_target_explosion,10017e30,created,SP_target_explosion,10017e30,25,false
use_target_changelevel,10017e50,created,use_target_changelevel,10017e50,289,false
SP_target_changelevel,10017f80,existing,SP_target_changelevel,10017f80,125,true
use_target_splash,10018000,created,use_target_splash,10018000,143,false
SP_target_splash,10018090,existing,SP_target_splash,10018090,66,true
use_target_spawner,100180e0,created,use_target_spawner,100180e0,148,false
SP_target_spawner,10018180,existing,SP_target_spawner,10018180,81,true
use_target_blaster,100181e0,existing,use_target_blaster,100181e0,78,true
SP_target_blaster,10018230,existing,SP_target_blaster,10018230,112,true
use_target_railgun,100182a0,existing,use_target_railgun,100182a0,64,true
SP_target_railgun,100182e0,existing,SP_target_railgun,100182e0,83,true
target_rocket_fire,10018340,existing,target_rocket_fire,10018340,88,true
SP_target_rocket,100183a0,existing,SP_target_rocket,100183a0,199,true
trigger_crosslevel_trigger_use,10018470,created,trigger_crosslevel_trigger_use,10018470,32,false
SP_target_crosslevel_trigger,10018490,created,SP_target_crosslevel_trigger,10018490,25,false
target_crosslevel_target_think,100184b0,created,target_crosslevel_target_think,100184b0,49,false
SP_target_crosslevel_target,100184f0,created,SP_target_crosslevel_target,100184f0,72,false
target_laser_think,10018540,existing,target_laser_think,10018540,579,true
target_laser_on,10018790,existing,target_laser_on,10018790,61,true
target_laser_off,100187d0,existing,target_laser_off,100187d0,45,true
target_laser_use,10018800,created,target_laser_use,10018800,42,false
target_laser_start,10018830,existing,target_laser_start,10018830,382,true
SP_target_laser,100189b0,created,SP_target_laser,100189b0,33,false
target_lightramp_think,100189e0,existing,target_lightramp_think,100189e0,204,true
target_lightramp_use,10018ab0,existing,target_lightramp_use,10018ab0,279,true
SP_target_lightramp,10018bd0,existing,SP_target_lightramp,10018bd0,316,true
target_earthquake_think,10018d10,existing,target_earthquake_think,10018d10,334,true
target_earthquake_use,10018e60,created,target_earthquake_use,10018e60,61,false
SP_target_earthquake,10018ea0,existing,SP_target_earthquake,10018ea0,151,true
InitTrigger,10018f40,existing,InitTrigger,10018f40,90,true
multi_wait,10018fa0,created,multi_wait,10018fa0,15,false
multi_trigger,10018fb0,existing,multi_trigger,10018fb0,129,true
Use_Multi,10019040,created,Use_Multi,10019040,22,false
Touch_Multi,10019060,created,Touch_Multi,10019060,143,false
trigger_enable,100190f0,created,trigger_enable,100190f0,33,false
SP_trigger_multiple,10019120,existing,SP_trigger_multiple,10019120,235,true
SP_trigger_once,10019210,created,SP_trigger_once,10019210,118,false
trigger_relay_use,10019290,created,trigger_relay_use,10019290,19,false
SP_trigger_relay,100192b0,created,SP_trigger_relay,100192b0,15,false
trigger_key_use,100192c0,created,trigger_key_use,100192c0,623,false
SP_trigger_key,10019530,created,SP_trigger_key,10019530,176,false
trigger_counter_use,100195e0,existing,trigger_counter_use,100195e0,191,true
SP_trigger_counter,100196a0,created,SP_trigger_counter,100196a0,45,false
SP_trigger_always,100196d0,created,SP_trigger_always,100196d0,44,false
trigger_push_touch,10019700,existing,trigger_push_touch,10019700,301,true
SP_trigger_push,10019850,existing,SP_trigger_push,10019850,108,true
hurt_use,100198c0,existing,hurt_use,100198c0,56,true
hurt_touch,10019900,created,hurt_touch,10019900,192,false
SP_trigger_hurt,100199c0,existing,SP_trigger_hurt,100199c0,119,true
trigger_gravity_touch,10019a40,created,trigger_gravity_touch,10019a40,21,false
SP_trigger_gravity,10019a60,created,SP_trigger_gravity,10019a60,93,false
trigger_monsterjump_touch,10019ac0,created,trigger_monsterjump_touch,10019ac0,102,false
SP_trigger_monsterjump,10019b30,existing,SP_trigger_monsterjump,10019b30,109,true
trigger_teleport_touch,10019ba0,existing,trigger_teleport_touch,10019ba0,370,true
trigger_teleport_enable,10019d20,existing,trigger_teleport_enable,10019d20,31,true
trigger_teleport_disable,10019d40,existing,trigger_teleport_disable,10019d40,31,true
trigger_teleport_activate,10019d60,existing,trigger_teleport_activate,10019d60,44,true
trigger_teleport_toggle,10019d90,created,trigger_teleport_toggle,10019d90,31,false
SP_trigger_teleport,10019db0,existing,SP_trigger_teleport,10019db0,223,true
AnglesNormalize,10019e90,existing,AnglesNormalize,10019e90,163,true
SnapToEights,10019f40,existing,SnapToEights,10019f40,75,true
turret_breach_fire,10019fe0,existing,turret_breach_fire,10019fe0,274,true
turret_breach_think,1001a100,existing,turret_breach_think,1001a100,938,true
turret_breach_finish_init,1001a4b0,existing,turret_breach_finish_init,1001a4b0,144,true
SP_turret_breach,1001a540,existing,SP_turret_breach,1001a540,303,true
SP_turret_base,1001a670,existing,SP_turret_base,1001a670,61,true
G_Find,1001ac00,existing,G_Find,1001ac00,150,true
findradius,1001aca0,existing,findradius,1001aca0,216,true
G_PickTarget,1001ad80,existing,G_PickTarget,1001ad80,120,true
Think_Delay,1001ae00,existing,Think_Delay,1001ae00,29,true
G_UseTargets,1001ae20,existing,G_UseTargets,1001ae20,534,true
tv,1001b040,existing,tv,1001b040,47,true
vtos,1001b070,existing,vtos,1001b070,78,true
G_SetMovedir,1001b0c0,existing,G_SetMovedir,1001b0c0,145,true
vectoangles,1001b1e0,existing,vectoangles,1001b1e0,294,true
kigrax_search,10028df0,created,kigrax_search,10028df0,99,false
kigrax_sight,10028e60,created,kigrax_sight,10028e60,47,false
kigrax_stand,10028e90,existing,kigrax_stand,10028e90,75,true
kigrax_run,10028ee0,created,kigrax_run,10028ee0,51,false
kigrax_walk,10028f20,created,kigrax_walk,10028f20,86,false
kigrax_fire_plasma,10028f80,created,kigrax_fire_plasma,10028f80,152,false
kigrax_attack,10029020,created,kigrax_attack,10029020,15,false
kigrax_melee,10029030,existing,kigrax_melee,10029030,145,true
kigrax_strike1,100290d0,created,kigrax_strike1,100290d0,102,false
kigrax_strike2,10029140,created,kigrax_strike2,10029140,101,false
kigrax_pain,100291b0,created,kigrax_pain,100291b0,99,false
kigrax_die,10029220,created,kigrax_die,10029220,261,false
SP_monster_kigrax,10029354,created,SP_monster_kigrax,10029354,394,false
kigrax_dead,1002f030,created,kigrax_dead,1002f030,92,false
soldier_stand,1002c2d0,existing,soldier_stand,1002c2d0,78,true
soldier_walk,1002c360,created,soldier_walk,1002c360,70,false
soldier_run,1002c3b0,created,soldier_run,1002c3b0,73,false
soldier_pain,1002c400,existing,soldier_pain,1002c400,345,true
soldier_fire,1002c560,created,soldier_fire,1002c560,791,false
soldier_attack6_refire,1002caf0,created,soldier_attack6_refire,1002caf0,42,false
soldier_fire4,1002cb20,created,soldier_fire4,1002cb20,16,false
soldier_fire8,1002cb30,created,soldier_fire8,1002cb30,16,false
soldier_attack,1002cb80,existing,soldier_attack,1002cb80,84,true
soldier_sight,1002cbe0,created,soldier_sight,1002cbe0,175,false
soldier_dodge,1002cc90,created,soldier_dodge,1002cc90,214,false
soldier_die,1002cd90,created,soldier_die,1002cd90,344,false
SP_monster_soldier_x,1002cef0,existing,SP_monster_soldier_x,1002cef0,632,true
SP_monster_soldier_light,1002d170,created,SP_monster_soldier_light,1002d170,141,false
SP_monster_soldier,1002d200,created,SP_monster_soldier,1002d200,122,false
SP_monster_soldier_ss,1002d280,created,SP_monster_soldier_ss,1002d280,122,false
SP_monster_soldier_deatom,1002d300,created,SP_monster_soldier_deatom,1002d300,122,false
spider_idle,1002d380,created,spider_idle,1002d380,35,false
spider_sight,1002d3b0,created,spider_sight,1002d3b0,35,false
spider_search,1002d3e0,created,spider_search,1002d3e0,35,false
spider_melee_swing,1002d410,created,spider_melee_swing,1002d410,35,false
spider_stand,1002d440,created,spider_stand,1002d440,15,false
spider_walk,1002d450,created,spider_walk,1002d450,15,false
spider_charge_think,1002d460,created,spider_charge_think,1002d460,257,false
spider_charge_start,1002d570,created,spider_charge_start,1002d570,158,false
spider_charge_end,1002d610,created,spider_charge_end,1002d610,72,false
spider_run,1002d660,existing,spider_run,1002d660,87,true
spider_melee_hit,1002d6c0,created,spider_melee_hit,1002d6c0,133,false
spider_melee,1002d750,created,spider_melee,1002d750,86,false
spider_rocket_left,1002d7b0,created,spider_rocket_left,1002d7b0,148,false
spider_rocket_right,1002d850,created,spider_rocket_right,1002d850,148,false
spider_attack,1002d8f0,created,spider_attack,1002d8f0,226,false
spider_pain,1002d9e0,created,spider_pain,1002d9e0,395,false
spider_dead,1002db70,created,spider_dead,1002db70,96,false
spider_die,1002dbd0,created,spider_die,1002dbd0,280,false
SP_monster_spider,1002dcf0,created,SP_monster_spider,1002dcf0,588,false
spider_checkattack,10021460,created,spider_checkattack,10021460,557,false
visible,10001560,existing,visible,10001560,151,true
infront,10001600,existing,infront,10001600,132,true
Actor_EngageEnemy,10001690,existing,Actor_EngageEnemy,10001690,155,true
Actor_FindEnemyTarget,10001730,existing,Actor_FindEnemyTarget,10001730,323,true
Actor_IsPlayerFollowTarget,10001880,existing,Actor_IsPlayerFollowTarget,10001880,137,true
Actor_FindFollowTarget,10001910,existing,Actor_FindFollowTarget,10001910,418,true
actor_stand,1001eeb0,existing,actor_stand,1001eeb0,67,true
actor_walk,1001ef00,existing,actor_walk,1001ef00,15,true
actor_run,1001ef10,existing,actor_run,1001ef10,83,true
actor_pain,1001ef70,created,actor_pain,1001ef70,373,false
actorMachineGun,1001f0f0,created,actorMachineGun,1001f0f0,291,false
actor_die,1001f220,created,actor_die,1001f220,220,false
actor_fire,1001f300,created,actor_fire,1001f300,59,false
actor_attack,1001f340,existing,actor_attack,1001f340,54,true
actor_use,1001f380,existing,actor_use,1001f380,215,true
SP_misc_actor,1001f460,created,SP_misc_actor,1001f460,558,false
target_actor_touch,1001f690,created,target_actor_touch,1001f690,667,false
SP_target_actor,1001f930,existing,SP_target_actor,1001f930,202,true
badass_sight,1001fa00,existing,badass_sight,1001fa00,70,true
badass_stand,1001fa50,created,badass_stand,1001fa50,27,false
badass_idle,1001fa70,created,badass_idle,1001fa70,38,false
badass_attack,1001faa0,created,badass_attack,1001faa0,122,false
badass_attack_loop,1001fb20,created,badass_attack_loop,1001fb20,152,false
badass_rocket_right,1001fbc0,created,badass_rocket_right,1001fbc0,188,false
badass_rocket_left,1001fc80,created,badass_rocket_left,1001fc80,188,false
badass_gib_explosion,1001fd40,existing,badass_gib_explosion,1001fd40,109,true
badass_die_gibs,1001fde0,created,badass_die_gibs,1001fde0,1090,false
badass_dead,10020240,created,badass_dead,10020240,136,false
badass_die,100202d0,created,badass_die,100202d0,44,false
badass_step,10020300,created,badass_step,10020300,35,false
badass_thud,10020330,created,badass_thud,10020330,35,false
badass_walk,10020360,created,badass_walk,10020360,15,false
badass_run,10020370,existing,badass_run,10020370,15,true
badass_pain,10020380,existing,badass_pain,10020380,164,true
SP_monster_badass,10020430,created,SP_monster_badass,10020430,652,false
cyborg_footstep,100244f0,created,cyborg_footstep,100244f0,117,false
cyborg_sight,10024570,created,cyborg_sight,10024570,35,false
cyborg_search,100245a0,created,cyborg_search,100245a0,35,false
cyborg_stand,100245d0,created,cyborg_stand,100245d0,15,false
cyborg_idle,100245e0,created,cyborg_idle,100245e0,46,false
cyborg_walk,10024610,created,cyborg_walk,10024610,15,false
cyborg_run,10024620,existing,cyborg_run,10024620,119,true
cyborg_pain,100246a0,existing,cyborg_pain,100246a0,199,true
cyborg_hit_left,10024770,created,cyborg_hit_left,10024770,130,false
cyborg_hit_right,10024800,created,cyborg_hit_right,10024800,130,false
cyborg_hit_alt,10024890,created,cyborg_hit_alt,10024890,130,false
cyborg_touch,10024920,created,cyborg_touch,10024920,257,false
cyborg_attack_start,10024a30,created,cyborg_attack_start,10024a30,158,false
cyborg_attack_end,10024ad0,created,cyborg_attack_end,10024ad0,72,false
cyborg_fire_right,10024b20,created,cyborg_fire_right,10024b20,186,false
cyborg_fire_left,10024be0,created,cyborg_fire_left,10024be0,186,false
cyborg_fire_both,10024ca0,created,cyborg_fire_both,10024ca0,343,false
cyborg_attack,10024e00,created,cyborg_attack,10024e00,101,false
cyborg_melee,10024e70,created,cyborg_melee,10024e70,123,false
cyborg_check_range,10024f10,existing,cyborg_check_range,10024f10,218,true
cyborg_checkattack,10024ff0,existing,cyborg_checkattack,10024ff0,89,true
cyborg_dead,10025050,created,cyborg_dead,10025050,92,false
cyborg_die,100250b0,created,cyborg_die,100250b0,328,false
SP_monster_cyborg,10025200,created,SP_monster_cyborg,10025200,521,false
vectoyaw,1001b160,existing,vectoyaw,1001b160,121,true
blaster_touch,1001bf10,existing,blaster_touch,1001bf10,225,true
fire_blaster,1001c000,existing,fire_blaster,1001c000,445,true
check_dodge,1001c1c0,existing,check_dodge,1001c1c0,293,true
rocket_touch,1001c960,created,rocket_touch,1001c960,367,false
fire_rocket,1001cad0,existing,fire_rocket,1001cad0,347,true
obliterator_projectile_think,1001cc30,existing,obliterator_projectile_think,1001cc30,238,true
fire_obliterator_projectile,1001cd20,existing,fire_obliterator_projectile,1001cd20,555,true
Grenade_Explode,1001c4a0,existing,Grenade_Explode,1001c4a0,472,true
fire_grenade2,1001c740,existing,fire_grenade2,1001c740,543,true
fire_rail,1001cf50,existing,fire_rail,1001cf50,449,true
bfg_explode,1001d120,created,bfg_explode,1001d120,442,false
bfg_touch,1001d2e0,created,bfg_touch,1001d2e0,344,false
bfg_think,1001d440,created,bfg_think,1001d440,681,false
fire_bfg,1001d6f0,existing,fire_bfg,1001d6f0,380,true
fire_proximity_mine,1001d870,existing,fire_proximity_mine,1001d870,707,true
proximity_mine_explode,1001db40,existing,proximity_mine_explode,1001db40,190,true
proximity_mine_think,1001dc00,created,proximity_mine_think,1001dc00,93,false
proximity_mine_laser_start,1001dc60,existing,proximity_mine_laser_start,1001dc60,151,true
proximity_mine_laser_think,1001dd00,existing,proximity_mine_laser_think,1001dd00,458,true
proximity_mine_touch,1001ded0,created,proximity_mine_touch,1001ded0,126,false
proximity_mine_die,1001df50,created,proximity_mine_die,1001df50,45,false
deatom_touch,1001df80,existing,deatom_touch,1001df80,234,true
deatom_think,1001e070,created,deatom_think,1001e070,463,false
fire_deatom,1001e240,existing,fire_deatom,1001e240,733,true
plasma_bolt_touch,1001e520,existing,plasma_bolt_touch,1001e520,277,true
fire_plasma_bolt,1001e640,existing,fire_plasma_bolt,1001e640,475,true
detpack_detonate,1001e820,existing,detpack_detonate,1001e820,205,true
fire_detpack,1001e8f0,existing,fire_detpack,1001e8f0,701,true
dod_client_reset,1001eca0,created,dod_client_reset,1001eca0,19,false
dod_pulse_think,1001ecc0,created,dod_pulse_think,1001ecc0,172,false
fire_dod,1001ed70,existing,fire_dod,1001ed70,315,true
G_InitEdict,1001b310,existing,G_InitEdict,1001b310,60,true
G_Spawn,1001b350,existing,G_Spawn,1001b350,174,true
G_FreeEdict,1001b400,existing,G_FreeEdict,1001b400,114,true
KillBox,1001b510,existing,KillBox,1001b510,138,true
player_die,10030160,existing,player_die,10030160,768,true
InitClientPersistant,10030460,existing,InitClientPersistant,10030460,254,true
InitClientResp,10030560,existing,InitClientResp,10030560,54,true
SaveClientData,100305a0,existing,SaveClientData,100305a0,176,true
PutClientInServer,10031070,existing,PutClientInServer,10031070,1278,true
ClientBeginDeathmatch,10031570,existing,ClientBeginDeathmatch,10031570,157,true
ClientBegin,10031610,created,ClientBegin,10031610,330,false
ClientUserinfoChanged,10031760,existing,ClientUserinfoChanged,10031760,485,true
ClientConnect,10031950,existing,ClientConnect,10031950,732,true
ClientDisconnect,10031c30,existing,ClientDisconnect,10031c30,185,true
ClientThink,10031d70,created,ClientThink,10031d70,1248,false
CopyToBodyQue,10030b40,existing,CopyToBodyQue,10030b40,400,true
respawn,10030cd0,existing,respawn,10030cd0,143,true
spectator_respawn,10030d60,existing,spectator_respawn,10030d60,774,true
DeathmatchScoreboardMessage,100327c0,existing,DeathmatchScoreboardMessage,100327c0,764,true
DeathmatchScoreboard,10032ac0,existing,DeathmatchScoreboard,10032ac0,32,true
Cmd_Score_f,10032ae0,existing,Cmd_Score_f,10032ae0,106,true
HelpComputer,10032b50,existing,HelpComputer,10032b50,194,true
G_SetStats,10032ca0,existing,G_SetStats,10032ca0,1142,true
Cmd_Help_f,10032c20,existing,Cmd_Help_f,10032c20,128,true
ClientBeginServerFrame,10032250,existing,ClientBeginServerFrame,10032250,342,true
MoveClientToIntermission,100323b0,existing,MoveClientToIntermission,100323b0,374,true
BeginIntermission,10032530,existing,BeginIntermission,10032530,641,true
PlayerTrail_Init,10033120,existing,PlayerTrail_Init,10033120,77,true
PlayerTrail_Add,10033170,existing,PlayerTrail_Add,10033170,193,true
PlayerTrail_LastSpot,10033320,existing,PlayerTrail_LastSpot,10033320,17,true
SV_CalcRoll,10033340,existing,SV_CalcRoll,10033340,127,true
P_DamageFeedback,100333c0,existing,P_DamageFeedback,100333c0,1110,true
SV_CalcViewOffset,10033820,existing,SV_CalcViewOffset,10033820,752,true
SV_CalcGunOffset,10033b10,existing,SV_CalcGunOffset,10033b10,374,true
SV_CalcBlend,10033d00,existing,SV_CalcBlend,10033d00,1027,true
P_FallingDamage,10034110,existing,P_FallingDamage,10034110,505,true
P_WorldEffects,10034310,existing,P_WorldEffects,10034310,1554,true
G_SetClientEffects,10034930,existing,G_SetClientEffects,10034930,262,true
G_SetClientEvent,10034a40,existing,G_SetClientEvent,10034a40,80,true
G_SetClientSound,10034a90,existing,G_SetClientSound,10034a90,350,true
G_SetClientFrame,10034bf0,existing,G_SetClientFrame,10034bf0,390,true
PlayerNoise,100350a0,existing,PlayerNoise,100350a0,442,true
ChangeWeapon,10035420,existing,ChangeWeapon,10035420,271,true
Pickup_Weapon,10035260,existing,Pickup_Weapon,10035260,443,true
NoAmmoWeaponChange,10035530,existing,NoAmmoWeaponChange,10035530,756,true
Think_Weapon,10035830,existing,Think_Weapon,10035830,138,true
Use_Weapon,100358c0,created,Use_Weapon,100358c0,187,false
Drop_Weapon,10035980,created,Drop_Weapon,10035980,141,false
Weapon_Generic,10035a10,existing,Weapon_Generic,10035a10,644,true
weapon_grenade_fire,10035ca0,existing,weapon_grenade_fire,10035ca0,269,true
P_ProjectSource,10035db0,existing,P_ProjectSource,10035db0,105,true
Weapon_Grenade,10035e20,existing,Weapon_Grenade,10035e20,642,true
weapon_grenadelauncher_fire,100360b0,created,weapon_grenadelauncher_fire,100360b0,347,false
Weapon_GrenadeLauncher,10036210,created,Weapon_GrenadeLauncher,10036210,37,false
Weapon_RocketLauncher_Fire,10036240,created,Weapon_RocketLauncher_Fire,10036240,391,false
Weapon_RocketLauncher,100363d0,created,Weapon_RocketLauncher,100363d0,37,false
Blaster_Fire,10036400,existing,Blaster_Fire,10036400,348,true
Weapon_Blaster_Fire,10036560,created,Weapon_Blaster_Fire,10036560,67,false
Weapon_Blaster,100365b0,created,Weapon_Blaster,100365b0,37,false
Weapon_HyperBlaster_Fire,100365e0,created,Weapon_HyperBlaster_Fire,100365e0,430,false
Weapon_HyperBlaster,10036790,created,Weapon_HyperBlaster,10036790,37,false
Machinegun_Fire,100367c0,created,Machinegun_Fire,100367c0,765,false
Weapon_Machinegun,10036ac0,created,Weapon_Machinegun,10036ac0,37,false
Chaingun_Fire,10036af0,created,Chaingun_Fire,10036af0,953,false
Weapon_Chaingun,10036eb0,created,Weapon_Chaingun,10036eb0,37,false
weapon_shotgun_fire,10036ee0,created,weapon_shotgun_fire,10036ee0,415,false
Weapon_Shotgun,10037080,created,Weapon_Shotgun,10037080,37,false
weapon_supershotgun_fire,100370b0,created,weapon_supershotgun_fire,100370b0,493,false
Weapon_SuperShotgun,100372a0,created,Weapon_SuperShotgun,100372a0,37,false
weapon_railgun_fire,100372d0,created,weapon_railgun_fire,100372d0,375,false
Weapon_Railgun,10037450,created,Weapon_Railgun,10037450,37,false
weapon_bfg_fire,10037480,created,weapon_bfg_fire,10037480,508,false
Weapon_BFG,10037680,created,Weapon_BFG,10037680,37,false
Weapon_ProximityMines_Fire,100376b0,existing,Weapon_ProximityMines_Fire,100376b0,209,true
Weapon_ProximityMines,10037790,existing,Weapon_ProximityMines,10037790,639,true
Weapon_Deatomizer_Fire,10037a10,existing,Weapon_Deatomizer_Fire,10037a10,472,true
Weapon_Deatomizer,10037c50,created,Weapon_Deatomizer,10037c50,37,false
Weapon_Plasma_Fire,10037de0,existing,Weapon_Plasma_Fire,10037de0,437,true
Oblivion_UpdateWeaponRegen,10037cd0,existing,Oblivion_UpdateWeaponRegen,10037cd0,259,true
Weapon_PlasmaPistol_Fire,10037fa0,created,Weapon_PlasmaPistol_Fire,10037fa0,120,false
Weapon_PlasmaPistol,10038020,created,Weapon_PlasmaPistol,10038020,37,false
Weapon_PlasmaRifle_Fire,10038050,created,Weapon_PlasmaRifle_Fire,10038050,120,false
Weapon_PlasmaRifle,100380d0,created,Weapon_PlasmaRifle,100380d0,37,false
Weapon_DetonationPack_Fire,10038100,created,Weapon_DetonationPack_Fire,10038100,366,false
Weapon_DetonationPack,10038270,created,Weapon_DetonationPack,10038270,37,false
Weapon_RemoteDetonator_Fire,100382a0,created,Weapon_RemoteDetonator_Fire,100382a0,305,false
Weapon_RemoteDetonator,100383e0,created,Weapon_RemoteDetonator,100383e0,37,false
Weapon_DOD_Fire,10038410,created,Weapon_DOD_Fire,10038410,113,false
Weapon_DOD,10038490,created,Weapon_DOD,10038490,37,false
Weapon_Obliterator_Fire,100384c0,created,Weapon_Obliterator_Fire,100384c0,522,false
Weapon_Obliterator,100386d0,created,Weapon_Obliterator,100386d0,37,false
AngleVectors,10038700,existing,AngleVectors,10038700,329,true
anglemod,10038850,existing,anglemod,10038850,35,true
M_CheckBottom,1002a0c0,existing,M_CheckBottom,1002a0c0,609,true
SV_movestep,1002a330,existing,SV_movestep,1002a330,1299,true
M_ChangeYaw,1002a850,existing,M_ChangeYaw,1002a850,198,true
SV_StepDirection,1002a920,existing,SV_StepDirection,1002a920,214,true
SV_FixCheckBottom,1002aa00,existing,SV_FixCheckBottom,1002aa00,20,true
SV_NewChaseDir,1002aa20,existing,SV_NewChaseDir,1002aa20,825,true
SV_CloseEnough,1002ad60,existing,SV_CloseEnough,1002ad60,88,true
M_MoveToGoal,1002adc0,existing,M_MoveToGoal,1002adc0,116,true
M_walkmove,1002ae40,existing,M_walkmove,1002ae40,92,true
AddPointToBounds,10038880,existing,AddPointToBounds,10038880,63,true
VectorNormalize,10038900,existing,VectorNormalize,10038900,78,true
VectorCompare,100388c0,existing,VectorCompare,100388c0,54,true
VectorMA,10038950,existing,VectorMA,10038950,49,true
DotProduct,10038990,existing,DotProduct,10038990,29,true
CrossProduct,100389b0,existing,CrossProduct,100389b0,59,true
VectorLength,100389f0,existing,VectorLength,100389f0,34,true
VectorScale,10038a20,existing,VectorScale,10038a20,37,true
G_TouchTriggers,1001b480,existing,G_TouchTriggers,1001b480,137,true
ClientEndServerFrame,10034d80,existing,ClientEndServerFrame,10034d80,790,true
ClientCommand,100055f0,created,ClientCommand,100055f0,923,false
